horodatage;evenement;id;titre;prix;prix_avant;km;annee;batterie_soh;ville;departement;url
2026-08-27T04:29:19;nouvelle;autoscout24:01d6e171-a11e-4493-bd65-545650eb3443;Megane E-Tech Electric EV60 220ch Techno super charge;22499;;71807;2023;;Thionville;57;https://www.autoscout24.fr/offres/renault-megane-e-tech-electric-ev60-220ch-techno-super-charge-electrique-cat_ma60mo1965-01d6e171-a11e-4493-bd65-545650eb3443
2026-08-27T04:29:19;nouvelle;autoscout24:03434cd4-de75-44c9-8abd-da671a583a6c;Megane E-Tech Electric EV60 220ch Iconic super charge;27799;;26695;2023;;Metz;57;https://www.autoscout24.fr/offres/renault-megane-e-tech-electric-ev60-220ch-iconic-super-charge-electrique-cat_ma60mo1965-03434cd4-de75-44c9-8abd-da671a583a6c
2026-08-27T04:29:19;nouvelle;autoscout24:03fba090-1d42-4985-b0c7-678bc2205b34;Megane E-Tech Electric EV60 130ch Evolution ER optimum ch;39790;;9000;2023;;Reims;51;https://www.autoscout24.fr/offres/renault-megane-e-tech-electric-ev60-130ch-evolution-er-optimum-ch-electrique-cat_ma60mo1965-03fba090-1d42-4985-b0c7-678bc2205b34
2026-08-27T04:29:19;nouvelle;autoscout24:051bc6ef-7752-4f02-8970-5e7def4fd334;Megane E-Tech Electric EV60 220ch Techno optimum charge;24899;;75298;2023;;Henin Beaumont;62;https://www.autoscout24.fr/offres/renault-megane-e-tech-electric-ev60-220ch-techno-optimum-charge-electrique-cat_ma60mo1965-051bc6ef-7752-4f02-8970-5e7def4fd334
2026-08-27T04:29:19;nouvelle;autoscout24:06318fed-df67-4121-991c-85ddbd6dbc9c;Megane E-Tech Electric EV60 220ch Techno super charge -B;24999;;57762;2023;;SALON-DE-PROVENCE;13;https://www.autoscout24.fr/offres/renault-megane-e-tech-electric-ev60-220ch-techno-super-charge-b-electrique-cat_ma60mo1965-06318fed-df67-4121-991c-85ddbd6dbc9c
2026-08-27T04:29:19;nouvelle;autoscout24:08429cd0-cd3e-457f-a1f7-e00ae00089cd;Megane E-Tech Electric EV60 220ch Techno super charge -C;22799;;99425;2024;;Longuenesse;62;https://www.autoscout24.fr/offres/renault-megane-e-tech-electric-ev60-220ch-techno-super-charge-c-electrique-cat_ma60mo1965-08429cd0-cd3e-457f-a1f7-e00ae00089cd
2026-08-27T04:29:19;nouvelle;autoscout24:09071f99-f3cf-43ef-a69e-89000ca22d2c;Megane E-Tech Electric EV60 220ch Iconic super charge;23990;;68900;2023;;Cormontreuil;51;https://www.autoscout24.fr/offres/renault-megane-e-tech-electric-ev60-220ch-iconic-super-charge-electrique-cat_ma60mo1965-09071f99-f3cf-43ef-a69e-89000ca22d2c
2026-08-27T04:29:19;nouvelle;autoscout24:0964779f-1c2b-4d53-895e-b18e7cf5af6d;Megane E-Tech Electric EV60 220ch Techno super charge;26999;;26170;2023;;Troyes;10;https://www.autoscout24.fr/offres/renault-megane-e-tech-electric-ev60-220ch-techno-super-charge-electrique-cat_ma60mo1965-0964779f-1c2b-4d53-895e-b18e7cf5af6d
2026-08-27T04:29:19;nouvelle;autoscout24:0aaa847f-4b08-46c8-8d21-5431c7e9544a;Megane E-Tech Electric 220ch 60kWh Iconic autonomie confort -25;40499;;2500;2026;;Istres;13;https://www.autoscout24.fr/offres/renault-megane-e-tech-electric-220ch-60kwh-iconic-autonomie-confort-25-electrique-cat_ma60mo1965-0aaa847f-4b08-46c8-8d21-5431c7e9544a
2026-08-27T04:29:19;nouvelle;autoscout24:10261992-039e-4905-9f84-079f67c6b53c;Megane E-Tech Electric EV60 220ch Techno super charge;25399;;42346;2023;;Hazebrouck;59;https://www.autoscout24.fr/offres/renault-megane-e-tech-electric-ev60-220ch-techno-super-charge-electrique-cat_ma60mo1965-10261992-039e-4905-9f84-079f67c6b53c
2026-08-27T04:29:19;nouvelle;autoscout24:12996b51-703b-4497-b91e-c7e96eca90d5;Megane E-Tech Electric EV60 220ch Techno super charge -C;25299;;60277;2023;;Laon;02;https://www.autoscout24.fr/offres/renault-megane-e-tech-electric-ev60-220ch-techno-super-charge-c-electrique-cat_ma60mo1965-12996b51-703b-4497-b91e-c7e96eca90d5
2026-08-27T04:29:19;nouvelle;autoscout24:13ba7d45-3a85-465a-b860-50be18fd131f;Megane E-Tech Electric EV60 220ch Iconic super charge;26999;;41120;2023;;BUHL-LORRAINE;57;https://www.autoscout24.fr/offres/renault-megane-e-tech-electric-ev60-220ch-iconic-super-charge-electrique-cat_ma60mo1965-13ba7d45-3a85-465a-b860-50be18fd131f
2026-08-27T04:29:19;nouvelle;autoscout24:1589595a-f2cb-4828-891c-c33d051c0ed4;Megane E-Tech Electric EV60 130ch Evolution ER super charge;27499;;19833;2023;;Annemasse;74;https://www.autoscout24.fr/offres/renault-megane-e-tech-electric-ev60-130ch-evolution-er-super-charge-electrique-cat_ma60mo1965-1589595a-f2cb-4828-891c-c33d051c0ed4
2026-08-27T04:29:19;nouvelle;autoscout24:18cb4122-d24a-4d68-8e84-542905142cd8;Megane E-Tech Electric EV60 220ch Techno optimum charge;40990;;9000;2023;;Reims;51;https://www.autoscout24.fr/offres/renault-megane-e-tech-electric-ev60-220ch-techno-optimum-charge-electrique-cat_ma60mo1965-18cb4122-d24a-4d68-8e84-542905142cd8
2026-08-27T04:29:19;nouvelle;autoscout24:194d22fb-33cb-4b86-9962-130dd5b2a009;Megane E-Tech Electric 220ch 60kWh Iconic autonomie confort -25;40490;;9000;2026;;Billy sur Aisne;02;https://www.autoscout24.fr/offres/renault-megane-e-tech-electric-220ch-60kwh-iconic-autonomie-confort-25-electrique-cat_ma60mo1965-194d22fb-33cb-4b86-9962-130dd5b2a009
2026-08-27T04:29:19;nouvelle;autoscout24:19e97bf2-6ec8-4375-af75-71f58904812c;Megane E-Tech Electric EV60 220ch Iconic super charge -C;25999;;37761;2023;;Longuenesse;62;https://www.autoscout24.fr/offres/renault-megane-e-tech-electric-ev60-220ch-iconic-super-charge-c-electrique-cat_ma60mo1965-19e97bf2-6ec8-4375-af75-71f58904812c
2026-08-27T04:29:19;nouvelle;autoscout24:1a58288d-9656-46fe-b569-4c1c04a24ab0;Megane E-Tech Electric EV60 220ch Equilibre super charge;22499;;87763;2023;;Wormhout;59;https://www.autoscout24.fr/offres/renault-megane-e-tech-electric-ev60-220ch-equilibre-super-charge-electrique-cat_ma60mo1965-1a58288d-9656-46fe-b569-4c1c04a24ab0
2026-08-27T04:29:19;nouvelle;autoscout24:1ba248ac-4259-4498-86dd-7bd21f276085;Megane E-Tech Electric EV60 220ch Iconic super charge;25999;;40900;2023;;Vitrolles;13;https://www.autoscout24.fr/offres/renault-megane-e-tech-electric-ev60-220ch-iconic-super-charge-electrique-cat_ma60mo1965-1ba248ac-4259-4498-86dd-7bd21f276085
2026-08-27T04:29:19;nouvelle;autoscout24:20cba7d3-8b52-4cc1-a6c1-f3bc278e7b40;Megane E-Tech Electric EV60 220ch Iconic super charge;27499;;39062;2023;;Dunkerque;59;https://www.autoscout24.fr/offres/renault-megane-e-tech-electric-ev60-220ch-iconic-super-charge-electrique-cat_ma60mo1965-20cba7d3-8b52-4cc1-a6c1-f3bc278e7b40
2026-08-27T04:29:19;nouvelle;autoscout24:21e1a0a4-8ced-4be2-a26b-dac5835d0444;Megane E-Tech Electric EV60 220ch Equilibre optimum charge -B;26799;;29413;2023;;Dunkerque;59;https://www.autoscout24.fr/offres/renault-megane-e-tech-electric-ev60-220ch-equilibre-optimum-charge-b-electrique-cat_ma60mo1965-21e1a0a4-8ced-4be2-a26b-dac5835d0444
2026-08-27T04:29:19;nouvelle;autoscout24:266a52ec-6e71-4bbe-96d8-4e746567eb28;Megane E-Tech Electric 220ch Techno autonomie confort -25;29499;;4663;2025;;Cormontreuil;51;https://www.autoscout24.fr/offres/renault-megane-e-tech-electric-220ch-techno-autonomie-confort-25-electrique-cat_ma60mo1965-266a52ec-6e71-4bbe-96d8-4e746567eb28
2026-08-27T04:29:19;nouvelle;autoscout24:28d4bd42-4205-4327-9cc2-2900493bba12;Megane E-Tech Electric EV60 220ch Techno super charge;24799;;56418;2023;;Annemasse;74;https://www.autoscout24.fr/offres/renault-megane-e-tech-electric-ev60-220ch-techno-super-charge-electrique-cat_ma60mo1965-28d4bd42-4205-4327-9cc2-2900493bba12
2026-08-27T04:29:19;nouvelle;autoscout24:29b6ed8c-acf6-4859-8682-00565f2bbb18;Megane E-Tech Electric EV60 220ch Techno super charge;24999;;42242;2023;;Hazebrouck;59;https://www.autoscout24.fr/offres/renault-megane-e-tech-electric-ev60-220ch-techno-super-charge-electrique-cat_ma60mo1965-29b6ed8c-acf6-4859-8682-00565f2bbb18
2026-08-27T04:29:19;nouvelle;autoscout24:2f5578a3-6dec-4bf0-9eff-f39edacd2435;Megane E-Tech Electric EV60 220ch Techno optimum charge;25799;;59968;2023;;Cormontreuil;51;https://www.autoscout24.fr/offres/renault-megane-e-tech-electric-ev60-220ch-techno-optimum-charge-electrique-cat_ma60mo1965-2f5578a3-6dec-4bf0-9eff-f39edacd2435
2026-08-27T04:29:19;nouvelle;autoscout24:31217360-de72-4c75-87a5-2df986ec3371;Megane E-Tech Electric EV60 220ch Iconic optimum charge -B;25999;;54874;2023;;Thionville;57;https://www.autoscout24.fr/offres/renault-megane-e-tech-electric-ev60-220ch-iconic-optimum-charge-b-electrique-cat_ma60mo1965-31217360-de72-4c75-87a5-2df986ec3371
2026-08-27T04:29:19;nouvelle;autoscout24:32013759-e1d4-4801-b644-833f76369182;Megane E-Tech Electric EV60 220ch Techno super charge -C;25999;;45912;2023;;Chauny;02;https://www.autoscout24.fr/offres/renault-megane-e-tech-electric-ev60-220ch-techno-super-charge-c-electrique-cat_ma60mo1965-32013759-e1d4-4801-b644-833f76369182
2026-08-27T04:29:19;nouvelle;autoscout24:33aed162-08e3-44b7-94a2-fb7fca01f251;Megane E-Tech Electric EV60 220ch Iconic super charge -C;26999;;43233;2023;;Longuenesse;62;https://www.autoscout24.fr/offres/renault-megane-e-tech-electric-ev60-220ch-iconic-super-charge-c-electrique-cat_ma60mo1965-33aed162-08e3-44b7-94a2-fb7fca01f251
2026-08-27T04:29:19;nouvelle;autoscout24:33ef0771-c2a2-4a26-add1-a8e7256d478f;Megane E-Tech Electric EV60 220ch Iconic super charge -C;28999;;36640;2024;;Dunkerque;59;https://www.autoscout24.fr/offres/renault-megane-e-tech-electric-ev60-220ch-iconic-super-charge-c-electrique-cat_ma60mo1965-33ef0771-c2a2-4a26-add1-a8e7256d478f
2026-08-27T04:29:19;nouvelle;autoscout24:34ce9cf2-d4ae-44c1-9f03-0589482261a5;Megane E-Tech Electric EV60 130ch Evolution ER optimum ch;40590;;9000;2023;;Reims;51;https://www.autoscout24.fr/offres/renault-megane-e-tech-electric-ev60-130ch-evolution-er-optimum-ch-electrique-cat_ma60mo1965-34ce9cf2-d4ae-44c1-9f03-0589482261a5
2026-08-27T04:29:19;nouvelle;autoscout24:3534b8d6-82c6-47b7-bbe7-9e4c180deca3;Megane E-Tech Electric EV60 220ch Techno super charge -C;24499;;38965;2023;;Meaux;77;https://www.autoscout24.fr/offres/renault-megane-e-tech-electric-ev60-220ch-techno-super-charge-c-electrique-cat_ma60mo1965-3534b8d6-82c6-47b7-bbe7-9e4c180deca3
2026-08-27T04:29:19;nouvelle;autoscout24:35ea2eb4-88ff-4ef1-8d85-c639d2723332;Megane E-Tech Electric EV60 220ch Iconic super charge -B;23999;;87377;2023;;Longuenesse;62;https://www.autoscout24.fr/offres/renault-megane-e-tech-electric-ev60-220ch-iconic-super-charge-b-electrique-cat_ma60mo1965-35ea2eb4-88ff-4ef1-8d85-c639d2723332
2026-08-27T04:29:19;nouvelle;autoscout24:38c48a32-3d3f-433b-91cc-06ab36f269c4;Megane E-Tech Electric EV60 220ch Techno super charge;26999;;30001;2023;;Roncq;59;https://www.autoscout24.fr/offres/renault-megane-e-tech-electric-ev60-220ch-techno-super-charge-electrique-cat_ma60mo1965-38c48a32-3d3f-433b-91cc-06ab36f269c4
2026-08-27T04:29:19;nouvelle;autoscout24:3c3a52bc-3ebd-4d50-977e-8a664dabac23;Megane E-Tech Electric EV60 220ch Equilibre super charge;23990;;55818;2023;;Cormontreuil;51;https://www.autoscout24.fr/offres/renault-megane-e-tech-electric-ev60-220ch-equilibre-super-charge-electrique-cat_ma60mo1965-3c3a52bc-3ebd-4d50-977e-8a664dabac23
2026-08-27T04:29:19;nouvelle;autoscout24:3cf88da1-09e7-4dc5-b754-2ccfe86e6627;Megane E-Tech Electric EV60 220ch Techno super charge -C;27299;;22847;2023;;BUHL-LORRAINE;57;https://www.autoscout24.fr/offres/renault-megane-e-tech-electric-ev60-220ch-techno-super-charge-c-electrique-cat_ma60mo1965-3cf88da1-09e7-4dc5-b754-2ccfe86e6627
2026-08-27T04:29:19;nouvelle;autoscout24:3d382e49-c4d6-4537-bc05-8b7f71ad06d7;Megane E-Tech Electric EV60 220ch Iconic super charge -C;25999;;66100;2023;;Troyes;10;https://www.autoscout24.fr/offres/renault-megane-e-tech-electric-ev60-220ch-iconic-super-charge-c-electrique-cat_ma60mo1965-3d382e49-c4d6-4537-bc05-8b7f71ad06d7
2026-08-27T04:29:19;nouvelle;autoscout24:3e62619b-7ca2-45fc-8377-bc4a00d15e52;Megane E-Tech Electric EV60 220ch Equilibre super charge -B;22499;;50166;2023;;SALON-DE-PROVENCE;13;https://www.autoscout24.fr/offres/renault-megane-e-tech-electric-ev60-220ch-equilibre-super-charge-b-electrique-cat_ma60mo1965-3e62619b-7ca2-45fc-8377-bc4a00d15e52
2026-08-27T04:29:19;nouvelle;autoscout24:3efe4cd8-0764-4d61-bbbb-4c208c739855;Megane E-Tech Electric EV60 220ch Techno super charge -C;28499;;11603;2023;;Dunkerque;59;https://www.autoscout24.fr/offres/renault-megane-e-tech-electric-ev60-220ch-techno-super-charge-c-electrique-cat_ma60mo1965-3efe4cd8-0764-4d61-bbbb-4c208c739855
2026-08-27T04:29:19;nouvelle;autoscout24:41ba558e-3dd8-42d1-851f-d8cc26d7db81;Megane E-Tech Electric EV60 220ch Techno super charge;26999;;39432;2023;;Troyes;10;https://www.autoscout24.fr/offres/renault-megane-e-tech-electric-ev60-220ch-techno-super-charge-electrique-cat_ma60mo1965-41ba558e-3dd8-42d1-851f-d8cc26d7db81
2026-08-27T04:29:19;nouvelle;autoscout24:432d4e01-160c-4d97-a911-4b759fa73fec;Megane E-Tech Electric EV60 220ch Iconic super charge;26499;;57479;2023;;SAINT AVOLD;57;https://www.autoscout24.fr/offres/renault-megane-e-tech-electric-ev60-220ch-iconic-super-charge-electrique-cat_ma60mo1965-432d4e01-160c-4d97-a911-4b759fa73fec
2026-08-27T04:29:19;nouvelle;autoscout24:46a15532-cdb5-4ad4-b6e9-06532b80af8c;Megane E-Tech Electric EV60 220ch Techno super charge;24999;;38500;2023;;BUHL-LORRAINE;57;https://www.autoscout24.fr/offres/renault-megane-e-tech-electric-ev60-220ch-techno-super-charge-electrique-cat_ma60mo1965-46a15532-cdb5-4ad4-b6e9-06532b80af8c
2026-08-27T04:29:19;nouvelle;autoscout24:4955dd99-d4e9-4717-96eb-05f68716c546;Megane E-Tech Electric EV60 220ch Iconic super charge -B;27299;;29842;2023;;SAINT AVOLD;57;https://www.autoscout24.fr/offres/renault-megane-e-tech-electric-ev60-220ch-iconic-super-charge-b-electrique-cat_ma60mo1965-4955dd99-d4e9-4717-96eb-05f68716c546
2026-08-27T04:29:19;nouvelle;autoscout24:49a059e1-072e-4d9f-a7b5-0e68c1703e10;Megane E-Tech Electric EV60 220ch Iconic super charge;27799;;31246;2023;;Troyes;10;https://www.autoscout24.fr/offres/renault-megane-e-tech-electric-ev60-220ch-iconic-super-charge-electrique-cat_ma60mo1965-49a059e1-072e-4d9f-a7b5-0e68c1703e10
2026-08-27T04:29:19;nouvelle;autoscout24:54b263af-33b2-4813-ba35-f0c40d8e40d9;Megane E-Tech Electric EV60 220ch Equilibre super charge -B;23999;;39984;2023;;Longuenesse;62;https://www.autoscout24.fr/offres/renault-megane-e-tech-electric-ev60-220ch-equilibre-super-charge-b-electrique-cat_ma60mo1965-54b263af-33b2-4813-ba35-f0c40d8e40d9
2026-08-27T04:29:19;nouvelle;autoscout24:59ada823-ed82-4a5a-8092-ac41ce78d921;Megane E-Tech Electric EV60 220ch Iconic super charge;24999;;79732;2023;;Longuenesse;62;https://www.autoscout24.fr/offres/renault-megane-e-tech-electric-ev60-220ch-iconic-super-charge-electrique-cat_ma60mo1965-59ada823-ed82-4a5a-8092-ac41ce78d921
2026-08-27T04:29:19;nouvelle;autoscout24:59d13bd4-79b4-4735-9732-f8d81abb0b12;Megane E-Tech Electric 220ch Techno autonomie confort -25;29499;;10360;2025;;Dunkerque;59;https://www.autoscout24.fr/offres/renault-megane-e-tech-electric-220ch-techno-autonomie-confort-25-electrique-cat_ma60mo1965-59d13bd4-79b4-4735-9732-f8d81abb0b12
2026-08-27T04:29:19;nouvelle;autoscout24:5c2d0dd6-3098-4fe6-9aa4-0f113b19700c;Megane E-Tech Electric EV60 220ch Iconic optimum charge;25699;;67649;2023;;Dunkerque;59;https://www.autoscout24.fr/offres/renault-megane-e-tech-electric-ev60-220ch-iconic-optimum-charge-electrique-cat_ma60mo1965-5c2d0dd6-3098-4fe6-9aa4-0f113b19700c
2026-08-27T04:29:19;nouvelle;autoscout24:5d2ac470-4078-425c-af74-4d317878b3ec;Megane E-Tech Electric EV60 220ch Iconic super charge -C;25999;;57637;2023;;SALON-DE-PROVENCE;13;https://www.autoscout24.fr/offres/renault-megane-e-tech-electric-ev60-220ch-iconic-super-charge-c-electrique-cat_ma60mo1965-5d2ac470-4078-425c-af74-4d317878b3ec
2026-08-27T04:29:19;nouvelle;autoscout24:611dd64e-b4a7-4c8b-bb50-99e2d39c2f95;Megane E-Tech Electric EV60 130ch Evolution ER super charge -B;25999;;29308;2023;;Fouquieres les Bethune;62;https://www.autoscout24.fr/offres/renault-megane-e-tech-electric-ev60-130ch-evolution-er-super-charge-b-electrique-cat_ma60mo1965-611dd64e-b4a7-4c8b-bb50-99e2d39c2f95
2026-08-27T04:29:19;nouvelle;autoscout24:62c362ff-f925-47d3-81be-d10fb446b0ee;Megane E-Tech Electric EV60 220ch Techno super charge -B;25499;;43563;2023;;SALON-DE-PROVENCE;13;https://www.autoscout24.fr/offres/renault-megane-e-tech-electric-ev60-220ch-techno-super-charge-b-electrique-cat_ma60mo1965-62c362ff-f925-47d3-81be-d10fb446b0ee
2026-08-27T04:29:19;nouvelle;autoscout24:64e55011-230a-4aa4-9ade-5488194b9152;Megane E-Tech Electric EV60 220ch Equilibre super charge;26499;;17246;2023;;Arras;62;https://www.autoscout24.fr/offres/renault-megane-e-tech-electric-ev60-220ch-equilibre-super-charge-electrique-cat_ma60mo1965-64e55011-230a-4aa4-9ade-5488194b9152
2026-08-27T04:29:19;nouvelle;autoscout24:663654ce-4573-4bd9-8f4a-672708e1e854;Megane E-Tech Electric EV60 220ch Techno super charge -C;25999;;45000;2023;;Loison sur Lens;62;https://www.autoscout24.fr/offres/renault-megane-e-tech-electric-ev60-220ch-techno-super-charge-c-electrique-cat_ma60mo1965-663654ce-4573-4bd9-8f4a-672708e1e854
2026-08-27T04:29:19;nouvelle;autoscout24:666976bb-ce8c-4223-9e6a-f6db85f7aad2;Megane E-Tech Electric EV60 220ch Iconic super charge -B;25299;;71164;2023;;Longuenesse;62;https://www.autoscout24.fr/offres/renault-megane-e-tech-electric-ev60-220ch-iconic-super-charge-b-electrique-cat_ma60mo1965-666976bb-ce8c-4223-9e6a-f6db85f7aad2
2026-08-27T04:29:19;nouvelle;autoscout24:66fb56fe-4de5-446e-b03f-4444a9e8d1ae;Megane E-Tech Electric EV60 220ch Iconic super charge;24999;;84928;2023;;Thionville;57;https://www.autoscout24.fr/offres/renault-megane-e-tech-electric-ev60-220ch-iconic-super-charge-electrique-cat_ma60mo1965-66fb56fe-4de5-446e-b03f-4444a9e8d1ae
2026-08-27T04:29:19;nouvelle;autoscout24:6a6d4c7d-0cdb-4ec1-9523-69e251c7d3b1;Megane E-Tech Electric 220ch 60kWh esprit Alpine autonomie confort -25;40090;;9000;2026;;Saint Alban Leysse;73;https://www.autoscout24.fr/offres/renault-megane-e-tech-electric-220ch-60kwh-esprit-alpine-autonomie-confort-25-electrique-cat_ma60mo1965-6a6d4c7d-0cdb-4ec1-9523-69e251c7d3b1
2026-08-27T04:29:19;nouvelle;autoscout24:6b627f41-6168-4668-93e6-2c4a6a3029cf;Megane E-Tech Electric EV60 220ch Equilibre optimum charg;38990;;8000;2023;;Reims;51;https://www.autoscout24.fr/offres/renault-megane-e-tech-electric-ev60-220ch-equilibre-optimum-charg-electrique-cat_ma60mo1965-6b627f41-6168-4668-93e6-2c4a6a3029cf
2026-08-27T04:29:19;nouvelle;autoscout24:6d2e5b22-ddab-4e0d-83f3-652f48d1a1b7;Megane E-Tech Electric EV60 220ch Iconic super charge -B;26299;;60764;2023;;Longuenesse;62;https://www.autoscout24.fr/offres/renault-megane-e-tech-electric-ev60-220ch-iconic-super-charge-b-electrique-cat_ma60mo1965-6d2e5b22-ddab-4e0d-83f3-652f48d1a1b7
2026-08-27T04:29:19;nouvelle;autoscout24:70b705d6-1663-41e0-b7d5-77878092a564;Megane E-Tech Electric EV60 220ch Techno optimum charge;27999;;30346;2023;;Fouquieres les Bethune;62;https://www.autoscout24.fr/offres/renault-megane-e-tech-electric-ev60-220ch-techno-optimum-charge-electrique-cat_ma60mo1965-70b705d6-1663-41e0-b7d5-77878092a564
2026-08-27T04:29:19;nouvelle;autoscout24:754ce377-3449-454d-a92a-5ecad86af3d0;Megane E-Tech Electric EV60 220ch Techno super charge;25990;;46721;2023;;Cormontreuil;51;https://www.autoscout24.fr/offres/renault-megane-e-tech-electric-ev60-220ch-techno-super-charge-electrique-cat_ma60mo1965-754ce377-3449-454d-a92a-5ecad86af3d0
2026-08-27T04:29:19;nouvelle;autoscout24:77ba8f4e-a0d8-47fe-969b-510b12ffdb08;Megane E-Tech Electric EV60 220ch Iconic super charge;21499;;115219;2023;;SARREGUEMINES;57;https://www.autoscout24.fr/offres/renault-megane-e-tech-electric-ev60-220ch-iconic-super-charge-electrique-cat_ma60mo1965-77ba8f4e-a0d8-47fe-969b-510b12ffdb08
2026-08-27T04:29:19;nouvelle;autoscout24:79b0acd5-d44b-417e-80b7-286a770e328f;Megane E-Tech Electric EV60 220ch Iconic super charge;24799;;74193;2023;;Villemomble;93;https://www.autoscout24.fr/offres/renault-megane-e-tech-electric-ev60-220ch-iconic-super-charge-electrique-cat_ma60mo1965-79b0acd5-d44b-417e-80b7-286a770e328f
2026-08-27T04:29:19;nouvelle;autoscout24:7d2652fd-a072-4138-98fe-8ae22b0b419f;Megane E-Tech Electric EV60 220ch Techno super charge;27499;;23084;2023;;Wormhout;59;https://www.autoscout24.fr/offres/renault-megane-e-tech-electric-ev60-220ch-techno-super-charge-electrique-cat_ma60mo1965-7d2652fd-a072-4138-98fe-8ae22b0b419f
2026-08-27T04:29:19;nouvelle;autoscout24:7e4edc45-ee60-4d62-9fdf-bf51e873c761;Megane E-Tech Electric EV60 220ch Techno super charge;26499;;34501;2023;;SARREGUEMINES;57;https://www.autoscout24.fr/offres/renault-megane-e-tech-electric-ev60-220ch-techno-super-charge-electrique-cat_ma60mo1965-7e4edc45-ee60-4d62-9fdf-bf51e873c761
2026-08-27T04:29:19;nouvelle;autoscout24:82996a69-bd2d-4f03-a982-ab3b189d4604;Megane E-Tech Electric EV60 220ch Techno super charge;24899;;38597;2023;;PERTUIS;84;https://www.autoscout24.fr/offres/renault-megane-e-tech-electric-ev60-220ch-techno-super-charge-electrique-cat_ma60mo1965-82996a69-bd2d-4f03-a982-ab3b189d4604
2026-08-27T04:29:19;nouvelle;autoscout24:84677a6f-82a4-444c-aca1-ffd9458d3264;Megane E-Tech Electric EV60 220ch Iconic super charge -C;27499;;35520;2023;;BUHL-LORRAINE;57;https://www.autoscout24.fr/offres/renault-megane-e-tech-electric-ev60-220ch-iconic-super-charge-c-electrique-cat_ma60mo1965-84677a6f-82a4-444c-aca1-ffd9458d3264
2026-08-27T04:29:19;nouvelle;autoscout24:86e05f82-3a4f-40e1-9b4f-a380d9e8a115;Megane E-Tech Electric EV60 220ch Iconic optimum charge -C;27699;;25768;2023;;Cormontreuil;51;https://www.autoscout24.fr/offres/renault-megane-e-tech-electric-ev60-220ch-iconic-optimum-charge-c-electrique-cat_ma60mo1965-86e05f82-3a4f-40e1-9b4f-a380d9e8a115
2026-08-27T04:29:19;nouvelle;autoscout24:8e46cc34-339f-482d-a82c-c5a7c26f9612;Megane E-Tech Electric EV60 220ch Iconic super charge;27499;;33002;2023;;Dunkerque;59;https://www.autoscout24.fr/offres/renault-megane-e-tech-electric-ev60-220ch-iconic-super-charge-electrique-cat_ma60mo1965-8e46cc34-339f-482d-a82c-c5a7c26f9612
2026-08-27T04:29:19;nouvelle;autoscout24:904b58e6-be4f-40d3-8782-46c98d0f8d6f;Megane E-Tech Electric EV60 220ch Techno super charge;26499;;43708;2023;;Roncq;59;https://www.autoscout24.fr/offres/renault-megane-e-tech-electric-ev60-220ch-techno-super-charge-electrique-cat_ma60mo1965-904b58e6-be4f-40d3-8782-46c98d0f8d6f
2026-08-27T04:29:19;nouvelle;autoscout24:9087408e-e67a-4972-abe7-87336457a8e5;Megane E-Tech Electric EV60 220ch Equilibre super charge;26499;;16430;2023;;Chalons en Champagne;51;https://www.autoscout24.fr/offres/renault-megane-e-tech-electric-ev60-220ch-equilibre-super-charge-electrique-cat_ma60mo1965-9087408e-e67a-4972-abe7-87336457a8e5
2026-08-27T04:29:19;nouvelle;autoscout24:90eafb06-5d6e-4d77-9944-9f5c8da786f5;Megane E-Tech Electric EV60 220ch Iconic optimum charge -C;25699;;62369;2023;;Marignane;13;https://www.autoscout24.fr/offres/renault-megane-e-tech-electric-ev60-220ch-iconic-optimum-charge-c-electrique-cat_ma60mo1965-90eafb06-5d6e-4d77-9944-9f5c8da786f5
2026-08-27T04:29:19;nouvelle;autoscout24:94f8817e-313a-43a2-97ff-873c1ee75ed5;Megane E-Tech Electric EV60 220ch Iconic super charge;27499;;37193;2023;;Wormhout;59;https://www.autoscout24.fr/offres/renault-megane-e-tech-electric-ev60-220ch-iconic-super-charge-electrique-cat_ma60mo1965-94f8817e-313a-43a2-97ff-873c1ee75ed5
2026-08-27T04:29:19;nouvelle;autoscout24:959a368f-9ea0-4b74-9895-364eb0af228e;Megane E-Tech Electric EV60 220ch Iconic super charge -B;25499;;64245;2023;;SALON-DE-PROVENCE;13;https://www.autoscout24.fr/offres/renault-megane-e-tech-electric-ev60-220ch-iconic-super-charge-b-electrique-cat_ma60mo1965-959a368f-9ea0-4b74-9895-364eb0af228e
2026-08-27T04:29:19;nouvelle;autoscout24:967274ca-c47a-4c3e-a668-17266092da9a;Megane E-Tech Electric EV60 130ch Evolution ER optimum charge -C;23999;;52401;2023;;Annemasse;74;https://www.autoscout24.fr/offres/renault-megane-e-tech-electric-ev60-130ch-evolution-er-optimum-charge-c-electrique-cat_ma60mo1965-967274ca-c47a-4c3e-a668-17266092da9a
2026-08-27T04:29:19;nouvelle;autoscout24:9691aa66-6a2e-40ff-af69-3a0cd141cdfc;Megane E-Tech Electric EV60 220ch Iconic super charge -B;25799;;52148;2023;;Longuenesse;62;https://www.autoscout24.fr/offres/renault-megane-e-tech-electric-ev60-220ch-iconic-super-charge-b-electrique-cat_ma60mo1965-9691aa66-6a2e-40ff-af69-3a0cd141cdfc
2026-08-27T04:29:19;nouvelle;autoscout24:97d6737f-da18-4ca7-a207-c8c89ece65fc;Megane E-Tech Electric EV60 220ch Techno super charge -C;22990;;70607;2023;;Cormontreuil;51;https://www.autoscout24.fr/offres/renault-megane-e-tech-electric-ev60-220ch-techno-super-charge-c-electrique-cat_ma60mo1965-97d6737f-da18-4ca7-a207-c8c89ece65fc
2026-08-27T04:29:19;nouvelle;autoscout24:9cd02a70-d8fa-441c-9cfa-f419bd187226;Megane E-Tech Electric EV60 220ch Iconic super charge;26999;;24935;2023;;Arras;62;https://www.autoscout24.fr/offres/renault-megane-e-tech-electric-ev60-220ch-iconic-super-charge-electrique-cat_ma60mo1965-9cd02a70-d8fa-441c-9cfa-f419bd187226
2026-08-27T04:29:19;nouvelle;autoscout24:9f853238-3102-46ae-934e-63fa2ca0af7a;Megane E-Tech Electric EV60 220ch Equilibre optimum charg;38990;;9000;2023;;Reims;51;https://www.autoscout24.fr/offres/renault-megane-e-tech-electric-ev60-220ch-equilibre-optimum-charg-electrique-cat_ma60mo1965-9f853238-3102-46ae-934e-63fa2ca0af7a
2026-08-27T04:29:19;nouvelle;autoscout24:9ffb7a79-41bd-452b-b54e-2ead4805cc0c;Megane E-Tech Electric 220ch esprit Alpine autonomie confort -25;37390;;9000;2026;;Saint Alban Leysse;73;https://www.autoscout24.fr/offres/renault-megane-e-tech-electric-220ch-esprit-alpine-autonomie-confort-25-electrique-cat_ma60mo1965-9ffb7a79-41bd-452b-b54e-2ead4805cc0c
2026-08-27T04:29:19;nouvelle;autoscout24:a360d2f3-8635-4638-b3d8-da3a492efca0;Megane E-Tech Electric EV60 220ch Techno super charge -C;26999;;28675;2023;;Loison sur Lens;62;https://www.autoscout24.fr/offres/renault-megane-e-tech-electric-ev60-220ch-techno-super-charge-c-electrique-cat_ma60mo1965-a360d2f3-8635-4638-b3d8-da3a492efca0
2026-08-27T04:29:19;nouvelle;autoscout24:a626eca4-b8b3-4716-b1ad-238cc358e1ac;Megane E-Tech Electric EV60 220ch Techno super charge -C;25799;;59915;2023;;Laon;02;https://www.autoscout24.fr/offres/renault-megane-e-tech-electric-ev60-220ch-techno-super-charge-c-electrique-cat_ma60mo1965-a626eca4-b8b3-4716-b1ad-238cc358e1ac
2026-08-27T04:29:19;nouvelle;autoscout24:a8b544fe-ef21-4033-ad9b-4766403f8d84;Megane E-Tech Electric EV60 220ch Techno super charge;22999;;61415;2023;;Romilly sur Seine;10;https://www.autoscout24.fr/offres/renault-megane-e-tech-electric-ev60-220ch-techno-super-charge-electrique-cat_ma60mo1965-a8b544fe-ef21-4033-ad9b-4766403f8d84
2026-08-27T04:29:19;nouvelle;autoscout24:a8e38bf6-a0af-4944-9ebb-9628bacbff2f;Megane E-Tech Electric EV60 220ch Techno super charge;27299;;28355;2023;;Henin Beaumont;62;https://www.autoscout24.fr/offres/renault-megane-e-tech-electric-ev60-220ch-techno-super-charge-electrique-cat_ma60mo1965-a8e38bf6-a0af-4944-9ebb-9628bacbff2f
2026-08-27T04:29:19;nouvelle;autoscout24:a9aeb85f-8932-4ca4-97c5-1a5468aadaea;Megane E-Tech Electric EV60 220ch Equilibre optimum charg;38990;;8000;2023;;Reims;51;https://www.autoscout24.fr/offres/renault-megane-e-tech-electric-ev60-220ch-equilibre-optimum-charg-electrique-cat_ma60mo1965-a9aeb85f-8932-4ca4-97c5-1a5468aadaea
2026-08-27T04:29:19;nouvelle;autoscout24:ac8d0f98-3510-4bf5-af38-7e44e458e21d;Megane E-Tech Electric EV60 220ch Techno super charge -C;25999;;42998;2023;;Dunkerque;59;https://www.autoscout24.fr/offres/renault-megane-e-tech-electric-ev60-220ch-techno-super-charge-c-electrique-cat_ma60mo1965-ac8d0f98-3510-4bf5-af38-7e44e458e21d
2026-08-27T04:29:19;nouvelle;autoscout24:af3c5487-0d43-455f-8af9-f82557091a9a;Megane E-Tech Electric EV60 130ch Evolution ER super charge -B;21899;;48714;2023;;Albertville;73;https://www.autoscout24.fr/offres/renault-megane-e-tech-electric-ev60-130ch-evolution-er-super-charge-b-electrique-cat_ma60mo1965-af3c5487-0d43-455f-8af9-f82557091a9a
2026-08-27T04:29:19;nouvelle;autoscout24:afaed759-8a01-47ff-952e-d6b1d8dc765e;Megane E-Tech Electric EV60 220ch Techno optimum charge;26999;;48861;2023;;Nieppe;59;https://www.autoscout24.fr/offres/renault-megane-e-tech-electric-ev60-220ch-techno-optimum-charge-electrique-cat_ma60mo1965-afaed759-8a01-47ff-952e-d6b1d8dc765e
2026-08-27T04:29:19;nouvelle;autoscout24:b01d7bc3-cc91-46b7-832d-477fa08d9557;Megane E-Tech Electric EV60 220ch Techno super charge;25299;;63116;2023;;Wormhout;59;https://www.autoscout24.fr/offres/renault-megane-e-tech-electric-ev60-220ch-techno-super-charge-electrique-cat_ma60mo1965-b01d7bc3-cc91-46b7-832d-477fa08d9557
2026-08-27T04:29:19;nouvelle;autoscout24:b0e75c81-e7c8-4b92-a5f2-0b486ee58d33;Megane E-Tech Electric EV60 220ch Techno super charge -B;26999;;34312;2023;;Roncq;59;https://www.autoscout24.fr/offres/renault-megane-e-tech-electric-ev60-220ch-techno-super-charge-b-electrique-cat_ma60mo1965-b0e75c81-e7c8-4b92-a5f2-0b486ee58d33
2026-08-27T04:29:19;nouvelle;autoscout24:b59eb706-db98-44e4-aca7-808d6e4a4fb5;Megane E-Tech Electric EV60 220ch Techno super charge -B;22799;;69627;2023;;Billy sur Aisne;02;https://www.autoscout24.fr/offres/renault-megane-e-tech-electric-ev60-220ch-techno-super-charge-b-electrique-cat_ma60mo1965-b59eb706-db98-44e4-aca7-808d6e4a4fb5
2026-08-27T04:29:19;nouvelle;autoscout24:bbcff252-7419-4576-bf6b-5a7c709998be;Megane E-Tech Electric EV60 220ch Iconic super charge -C;27299;;51901;2023;;Dunkerque;59;https://www.autoscout24.fr/offres/renault-megane-e-tech-electric-ev60-220ch-iconic-super-charge-c-electrique-cat_ma60mo1965-bbcff252-7419-4576-bf6b-5a7c709998be
2026-08-27T04:29:19;nouvelle;autoscout24:bcf8ed99-0fc9-4e08-b15b-e0abf4daef1a;Megane E-Tech Electric EV60 220ch Techno super charge;25699;;47375;2023;;Sequendin;59;https://www.autoscout24.fr/offres/renault-megane-e-tech-electric-ev60-220ch-techno-super-charge-electrique-cat_ma60mo1965-bcf8ed99-0fc9-4e08-b15b-e0abf4daef1a
2026-08-27T04:29:19;nouvelle;autoscout24:bfba75b0-de74-47a2-bd3b-fc2aca4e5208;Megane E-Tech Electric EV60 220ch Iconic super charge;25499;;63354;2023;;BUHL-LORRAINE;57;https://www.autoscout24.fr/offres/renault-megane-e-tech-electric-ev60-220ch-iconic-super-charge-electrique-cat_ma60mo1965-bfba75b0-de74-47a2-bd3b-fc2aca4e5208
2026-08-27T04:29:19;nouvelle;autoscout24:c6090f62-5b73-4fba-be2d-389932bdc7d0;Megane E-Tech Electric EV60 220ch Techno super charge;23999;;37355;2023;;Villemomble;93;https://www.autoscout24.fr/offres/renault-megane-e-tech-electric-ev60-220ch-techno-super-charge-electrique-cat_ma60mo1965-c6090f62-5b73-4fba-be2d-389932bdc7d0
2026-08-27T04:29:19;nouvelle;autoscout24:c6a486e5-839a-4aee-a26b-c1f7f1bc5864;Megane E-Tech Electric EV60 220ch Equilibre super charge;23799;;36089;2023;;Cormontreuil;51;https://www.autoscout24.fr/offres/renault-megane-e-tech-electric-ev60-220ch-equilibre-super-charge-electrique-cat_ma60mo1965-c6a486e5-839a-4aee-a26b-c1f7f1bc5864
2026-08-27T04:29:19;nouvelle;autoscout24:c900b739-500f-4aed-8ab8-845ee9f77d4e;Megane E-Tech Electric EV60 220ch Techno super charge;21999;;78361;2023;;Metz;57;https://www.autoscout24.fr/offres/renault-megane-e-tech-electric-ev60-220ch-techno-super-charge-electrique-cat_ma60mo1965-c900b739-500f-4aed-8ab8-845ee9f77d4e
2026-08-27T04:29:19;nouvelle;autoscout24:cb3833b1-0703-495d-9e77-550a2c5e5eed;Megane E-Tech Electric EV60 220ch Techno super charge;25799;;44012;2023;;Saint Alban Leysse;73;https://www.autoscout24.fr/offres/renault-megane-e-tech-electric-ev60-220ch-techno-super-charge-electrique-cat_ma60mo1965-cb3833b1-0703-495d-9e77-550a2c5e5eed
2026-08-27T04:29:19;nouvelle;autoscout24:cb87b9ce-3596-484c-991e-e09e267fa7ab;Megane E-Tech Electric 220ch Iconic autonomie confort -25;39900;;7000;2026;;Meaux;77;https://www.autoscout24.fr/offres/renault-megane-e-tech-electric-220ch-iconic-autonomie-confort-25-electrique-cat_ma60mo1965-cb87b9ce-3596-484c-991e-e09e267fa7ab
2026-08-27T04:29:19;nouvelle;autoscout24:d2f720d3-33f3-4f34-bff6-144f04359c7f;Megane E-Tech Electric EV60 220ch Techno super charge -C;25999;;43222;2023;;Laon;02;https://www.autoscout24.fr/offres/renault-megane-e-tech-electric-ev60-220ch-techno-super-charge-c-electrique-cat_ma60mo1965-d2f720d3-33f3-4f34-bff6-144f04359c7f
2026-08-27T04:29:19;nouvelle;autoscout24:d3071664-39d5-4eb1-a9bd-0f6aa31805d7;Megane E-Tech Electric EV60 220ch Iconic super charge -B;27799;;34590;2023;;Longuenesse;62;https://www.autoscout24.fr/offres/renault-megane-e-tech-electric-ev60-220ch-iconic-super-charge-b-electrique-cat_ma60mo1965-d3071664-39d5-4eb1-a9bd-0f6aa31805d7
2026-08-27T04:29:19;nouvelle;autoscout24:d39a1a26-7900-4096-a3b6-2afac32d9e9c;Megane E-Tech Electric EV60 220ch Techno super charge;25699;;36725;2023;;Annemasse;74;https://www.autoscout24.fr/offres/renault-megane-e-tech-electric-ev60-220ch-techno-super-charge-electrique-cat_ma60mo1965-d39a1a26-7900-4096-a3b6-2afac32d9e9c
2026-08-27T04:29:19;nouvelle;autoscout24:d6660ad7-2c9b-483e-aef5-34bd5437dddc;Megane E-Tech Electric EV60 220ch Techno super charge;25499;;59475;2023;;Nieppe;59;https://www.autoscout24.fr/offres/renault-megane-e-tech-electric-ev60-220ch-techno-super-charge-electrique-cat_ma60mo1965-d6660ad7-2c9b-483e-aef5-34bd5437dddc
2026-08-27T04:29:19;nouvelle;autoscout24:dd70ea36-4c5a-4a40-9573-5fa72be4cf7b;Megane E-Tech Electric EV60 220ch Iconic super charge -B;27899;;14876;2023;;PERTUIS;84;https://www.autoscout24.fr/offres/renault-megane-e-tech-electric-ev60-220ch-iconic-super-charge-b-electrique-cat_ma60mo1965-dd70ea36-4c5a-4a40-9573-5fa72be4cf7b
2026-08-27T04:29:19;nouvelle;autoscout24:ddb7084c-f9dd-4658-b264-868552680d50;Megane E-Tech Electric EV60 220ch Techno super charge -B;26499;;22112;2023;;Longuenesse;62;https://www.autoscout24.fr/offres/renault-megane-e-tech-electric-ev60-220ch-techno-super-charge-b-electrique-cat_ma60mo1965-ddb7084c-f9dd-4658-b264-868552680d50
2026-08-27T04:29:19;nouvelle;autoscout24:ddd7d40a-be54-412a-8e05-08a55e854309;Megane E-Tech Electric EV60 220ch Techno super charge -C;24999;;31069;2023;;Loison sur Lens;62;https://www.autoscout24.fr/offres/renault-megane-e-tech-electric-ev60-220ch-techno-super-charge-c-electrique-cat_ma60mo1965-ddd7d40a-be54-412a-8e05-08a55e854309
2026-08-27T04:29:19;nouvelle;autoscout24:df48b98d-3740-493b-bd73-ab7f75a70dc9;Megane E-Tech Electric EV60 220ch Techno optimum charge -C;27299;;43487;2023;;Fouquieres les Bethune;62;https://www.autoscout24.fr/offres/renault-megane-e-tech-electric-ev60-220ch-techno-optimum-charge-c-electrique-cat_ma60mo1965-df48b98d-3740-493b-bd73-ab7f75a70dc9
2026-08-27T04:29:19;nouvelle;autoscout24:e094f1e0-2d44-439b-bd73-0172b040d0ce;Megane E-Tech Electric EV60 130ch Evolution ER optimum ch;39790;;9000;2023;;Reims;51;https://www.autoscout24.fr/offres/renault-megane-e-tech-electric-ev60-130ch-evolution-er-optimum-ch-electrique-cat_ma60mo1965-e094f1e0-2d44-439b-bd73-0172b040d0ce
2026-08-27T04:29:19;nouvelle;autoscout24:e55bbfbd-e6f3-421a-af8a-fb1da289c0ab;Megane E-Tech Electric EV60 220ch Equilibre super charge;21999;;60273;2023;;Henin Beaumont;62;https://www.autoscout24.fr/offres/renault-megane-e-tech-electric-ev60-220ch-equilibre-super-charge-electrique-cat_ma60mo1965-e55bbfbd-e6f3-421a-af8a-fb1da289c0ab
2026-08-27T04:29:19;nouvelle;autoscout24:e6ad9be9-899b-42eb-8bd3-28d4e3ac7f0d;Megane E-Tech Electric 220ch Iconic autonomie confort -25;38999;;9256;2025;;Fouquieres les Bethune;62;https://www.autoscout24.fr/offres/renault-megane-e-tech-electric-220ch-iconic-autonomie-confort-25-electrique-cat_ma60mo1965-e6ad9be9-899b-42eb-8bd3-28d4e3ac7f0d
2026-08-27T04:29:19;nouvelle;autoscout24:e89888f6-5545-402c-aeb7-d7b4a89844aa;Megane E-Tech Electric EV60 220ch Techno super charge -C;24999;;56253;2023;;Billy sur Aisne;02;https://www.autoscout24.fr/offres/renault-megane-e-tech-electric-ev60-220ch-techno-super-charge-c-electrique-cat_ma60mo1965-e89888f6-5545-402c-aeb7-d7b4a89844aa
2026-08-27T04:29:19;nouvelle;autoscout24:ea17d2ac-e931-4716-88eb-ef5d48e27c36;Megane E-Tech Electric EV60 220ch Iconic super charge;23999;;35948;2023;;Metz;57;https://www.autoscout24.fr/offres/renault-megane-e-tech-electric-ev60-220ch-iconic-super-charge-electrique-cat_ma60mo1965-ea17d2ac-e931-4716-88eb-ef5d48e27c36
2026-08-27T04:29:19;nouvelle;autoscout24:eae98cae-4172-4872-9231-6a3cba1a1376;Megane E-Tech Electric EV60 220ch Equilibre super charge;26299;;15015;2023;;Lomme;59;https://www.autoscout24.fr/offres/renault-megane-e-tech-electric-ev60-220ch-equilibre-super-charge-electrique-cat_ma60mo1965-eae98cae-4172-4872-9231-6a3cba1a1376
2026-08-27T04:29:19;nouvelle;autoscout24:eb5a239d-aa37-4c6e-8b57-108f0262e759;Megane E-Tech Electric EV60 220ch Iconic optimum charge -B;24299;;91769;2023;;Chauny;02;https://www.autoscout24.fr/offres/renault-megane-e-tech-electric-ev60-220ch-iconic-optimum-charge-b-electrique-cat_ma60mo1965-eb5a239d-aa37-4c6e-8b57-108f0262e759
2026-08-27T04:29:19;nouvelle;autoscout24:ed5f3e2a-57cf-4dbf-bec6-1286492dff3b;Megane E-Tech Electric EV60 220ch Techno super charge;24999;;62733;2023;;SARREGUEMINES;57;https://www.autoscout24.fr/offres/renault-megane-e-tech-electric-ev60-220ch-techno-super-charge-electrique-cat_ma60mo1965-ed5f3e2a-57cf-4dbf-bec6-1286492dff3b
2026-08-27T04:29:19;nouvelle;autoscout24:f13cf75a-341d-4ce1-9c78-2c7180b0c07a;Megane E-Tech Electric EV60 220ch Iconic super charge;27299;;40714;2023;;Arras;62;https://www.autoscout24.fr/offres/renault-megane-e-tech-electric-ev60-220ch-iconic-super-charge-electrique-cat_ma60mo1965-f13cf75a-341d-4ce1-9c78-2c7180b0c07a
2026-08-27T04:29:19;nouvelle;autoscout24:f4070318-0058-4613-8c02-f4f541ca92e8;Megane E-Tech Electric EV60 220ch Techno super charge;25999;;21067;2023;;Creteil;94;https://www.autoscout24.fr/offres/renault-megane-e-tech-electric-ev60-220ch-techno-super-charge-electrique-cat_ma60mo1965-f4070318-0058-4613-8c02-f4f541ca92e8
2026-08-27T04:29:19;nouvelle;autoscout24:f4463646-5724-408b-8ee6-c3359e23c4cd;Megane E-Tech Electric EV60 220ch Equilibre super charge -B;24699;;31435;2023;;Saint Alban Leysse;73;https://www.autoscout24.fr/offres/renault-megane-e-tech-electric-ev60-220ch-equilibre-super-charge-b-electrique-cat_ma60mo1965-f4463646-5724-408b-8ee6-c3359e23c4cd
2026-08-27T04:29:19;nouvelle;autoscout24:f46550c0-484a-400d-abdb-0f91578e83d5;Megane E-Tech Electric EV60 220ch Equilibre optimum charg;38990;;5000;2023;;Reims;51;https://www.autoscout24.fr/offres/renault-megane-e-tech-electric-ev60-220ch-equilibre-optimum-charg-electrique-cat_ma60mo1965-f46550c0-484a-400d-abdb-0f91578e83d5
2026-08-27T04:29:19;nouvelle;autoscout24:f476712b-ad18-449a-8aaf-c14265fea58a;Megane E-Tech Electric EV60 220ch Techno super charge -B;24999;;66870;2023;;Metz;57;https://www.autoscout24.fr/offres/renault-megane-e-tech-electric-ev60-220ch-techno-super-charge-b-electrique-cat_ma60mo1965-f476712b-ad18-449a-8aaf-c14265fea58a
2026-08-27T04:29:19;nouvelle;autoscout24:f8acaa9c-e2cb-43a9-8103-3ca2d7cc2daa;Megane E-Tech Electric EV60 220ch Techno super charge -B;23999;;66286;2023;;Saint Alban Leysse;73;https://www.autoscout24.fr/offres/renault-megane-e-tech-electric-ev60-220ch-techno-super-charge-b-electrique-cat_ma60mo1965-f8acaa9c-e2cb-43a9-8103-3ca2d7cc2daa
2026-08-27T04:29:19;nouvelle;autoscout24:faf058cd-e01e-47eb-9100-d9294a51e393;Megane E-Tech Electric EV60 220ch Iconic super charge;27999;;24422;2023;;Metz;57;https://www.autoscout24.fr/offres/renault-megane-e-tech-electric-ev60-220ch-iconic-super-charge-electrique-cat_ma60mo1965-faf058cd-e01e-47eb-9100-d9294a51e393
2026-08-27T04:29:19;nouvelle;autoscout24:ff1ff057-52d5-4b23-b0e5-20aeb806320a;Megane E-Tech Electric EV60 220ch Techno optimum charge -C;27199;;41986;2023;;Nieppe;59;https://www.autoscout24.fr/offres/renault-megane-e-tech-electric-ev60-220ch-techno-optimum-charge-c-electrique-cat_ma60mo1965-ff1ff057-52d5-4b23-b0e5-20aeb806320a
2026-08-27T04:29:19;nouvelle;autoscout24:ffae62d1-633b-4f24-9af4-d8f704ede6a8;Megane E-Tech Electric 220ch Iconic autonomie confort -25;32499;;9500;2025;;Niort;79;https://www.autoscout24.fr/offres/renault-megane-e-tech-electric-220ch-iconic-autonomie-confort-25-electrique-cat_ma60mo1965-ffae62d1-633b-4f24-9af4-d8f704ede6a8
2026-08-27T04:29:19;nouvelle;renew:VEH_00000041_VO608069;Megane E-Tech EV60 220 ch optimum charge Techno;25490;;60444;2023;93;BRIGNOLES;83;https://fr.renew.auto/achat-vehicules-occasions/details.html?productId=VEH_00000041_VO608069
2026-08-27T08:56:59;nouvelle;autoscout24:0003d393-bb16-40bc-9e3d-10c5aa9ecd03;Megane E-Tech Electric EV60 220ch Iconic super charge -C;23999;;84960;2023;;Carvin;62;https://www.autoscout24.fr/offres/renault-megane-e-tech-electric-ev60-220ch-iconic-super-charge-c-electrique-cat_ma60mo1965-0003d393-bb16-40bc-9e3d-10c5aa9ecd03
2026-08-27T08:56:59;nouvelle;autoscout24:1cab248d-f3ab-4ead-ad12-1076a81e6d40;Megane E-Tech Electric 220ch Techno autonomie confort -25;30299;;8132;2025;;Arras;62;https://www.autoscout24.fr/offres/renault-megane-e-tech-electric-220ch-techno-autonomie-confort-25-electrique-cat_ma60mo1965-1cab248d-f3ab-4ead-ad12-1076a81e6d40
2026-08-27T08:56:59;nouvelle;autoscout24:29e7c400-b36c-4bbe-aedb-ea2240ad7c76;Megane E-Tech Electric EV60 220ch Iconic super charge;28799;;20254;2023;;Arras;62;https://www.autoscout24.fr/offres/renault-megane-e-tech-electric-ev60-220ch-iconic-super-charge-electrique-cat_ma60mo1965-29e7c400-b36c-4bbe-aedb-ea2240ad7c76
2026-08-27T08:56:59;nouvelle;autoscout24:34918401-42d8-47c5-8c9a-0f6dc460bd6d;Megane E-Tech Electric EV60 220ch Techno super charge;23499;;68641;2023;;Aix en Provence;13;https://www.autoscout24.fr/offres/renault-megane-e-tech-electric-ev60-220ch-techno-super-charge-electrique-cat_ma60mo1965-34918401-42d8-47c5-8c9a-0f6dc460bd6d
2026-08-27T08:56:59;nouvelle;autoscout24:57fa76af-72f6-48ac-a500-064d65471293;Megane E-Tech Electric EV60 220ch Techno super charge;26999;;26133;2023;;Henin Beaumont;62;https://www.autoscout24.fr/offres/renault-megane-e-tech-electric-ev60-220ch-techno-super-charge-electrique-cat_ma60mo1965-57fa76af-72f6-48ac-a500-064d65471293
2026-08-27T08:56:59;nouvelle;autoscout24:581323f5-6e31-449b-aafd-cd854e0d78fd;Megane E-Tech Electric EV60 220ch Techno super charge;28799;;1498;2023;;SARREGUEMINES;57;https://www.autoscout24.fr/offres/renault-megane-e-tech-electric-ev60-220ch-techno-super-charge-electrique-cat_ma60mo1965-581323f5-6e31-449b-aafd-cd854e0d78fd
2026-08-27T08:56:59;nouvelle;autoscout24:60db2fc5-284b-4b1d-b94a-0b185b559b0b;Megane E-Tech Electric EV60 220ch Equilibre super charge;23499;;61077;2023;;Vitrolles;13;https://www.autoscout24.fr/offres/renault-megane-e-tech-electric-ev60-220ch-equilibre-super-charge-electrique-cat_ma60mo1965-60db2fc5-284b-4b1d-b94a-0b185b559b0b
2026-08-27T08:56:59;nouvelle;autoscout24:612ea69b-7c35-49cc-992e-f4496682b966;Megane E-Tech Electric EV60 220ch Techno super charge;23499;;63526;2023;;Istres;13;https://www.autoscout24.fr/offres/renault-megane-e-tech-electric-ev60-220ch-techno-super-charge-electrique-cat_ma60mo1965-612ea69b-7c35-49cc-992e-f4496682b966
2026-08-27T08:56:59;nouvelle;autoscout24:81113153-840d-4bc0-a594-c99739344b9f;Megane E-Tech Electric EV60 220ch Techno optimum charge;25299;;72351;2023;;LIEVIN;62;https://www.autoscout24.fr/offres/renault-megane-e-tech-electric-ev60-220ch-techno-optimum-charge-electrique-cat_ma60mo1965-81113153-840d-4bc0-a594-c99739344b9f
2026-08-27T08:56:59;nouvelle;autoscout24:98afe0b7-4781-4b80-bdf1-a518a54f7fe1;Megane E-Tech Electric EV60 220ch Techno super charge;26299;;39602;2023;;Wormhout;59;https://www.autoscout24.fr/offres/renault-megane-e-tech-electric-ev60-220ch-techno-super-charge-electrique-cat_ma60mo1965-98afe0b7-4781-4b80-bdf1-a518a54f7fe1
2026-08-27T08:56:59;nouvelle;autoscout24:a0e470cf-4c0f-4d65-a0f4-97bf39017a3b;Megane E-Tech Electric EV60 220ch Iconic super charge -B;26999;;26907;2023;;Thionville;57;https://www.autoscout24.fr/offres/renault-megane-e-tech-electric-ev60-220ch-iconic-super-charge-b-electrique-cat_ma60mo1965-a0e470cf-4c0f-4d65-a0f4-97bf39017a3b
2026-08-27T08:56:59;nouvelle;autoscout24:ba628b40-7dc0-4ca2-8b99-fe9def91b0f2;Megane E-Tech Electric EV60 220ch Iconic super charge;26799;;35000;2023;;SARREGUEMINES;57;https://www.autoscout24.fr/offres/renault-megane-e-tech-electric-ev60-220ch-iconic-super-charge-electrique-cat_ma60mo1965-ba628b40-7dc0-4ca2-8b99-fe9def91b0f2
2026-08-27T08:56:59;nouvelle;autoscout24:bab336ee-9101-4678-a4af-85ce1371a040;Megane E-Tech Electric 220ch 60kWh Techno autonomie confort -25;31999;;6108;2025;;Chauny;02;https://www.autoscout24.fr/offres/renault-megane-e-tech-electric-220ch-60kwh-techno-autonomie-confort-25-electrique-cat_ma60mo1965-bab336ee-9101-4678-a4af-85ce1371a040
2026-08-27T08:56:59;nouvelle;autoscout24:c4aa5abe-dac4-4ee7-baab-31f7c3458dfe;Megane E-Tech Electric EV60 220ch Techno super charge -B;26999;;44056;2023;;Fouquieres les Bethune;62;https://www.autoscout24.fr/offres/renault-megane-e-tech-electric-ev60-220ch-techno-super-charge-b-electrique-cat_ma60mo1965-c4aa5abe-dac4-4ee7-baab-31f7c3458dfe
2026-08-27T08:56:59;nouvelle;autoscout24:ca3e1b16-69a9-4460-b7d7-55e93fddc97f;Megane E-Tech Electric EV60 220ch Techno optimum charge -C;26799;;57129;2023;;Fouquieres les Bethune;62;https://www.autoscout24.fr/offres/renault-megane-e-tech-electric-ev60-220ch-techno-optimum-charge-c-electrique-cat_ma60mo1965-ca3e1b16-69a9-4460-b7d7-55e93fddc97f
2026-08-27T08:56:59;nouvelle;autoscout24:e61981e9-ce5f-4705-94c3-767013af84c3;Megane E-Tech Electric EV60 220ch Equilibre super charge -B;23999;;55159;2023;;Sequendin;59;https://www.autoscout24.fr/offres/renault-megane-e-tech-electric-ev60-220ch-equilibre-super-charge-b-electrique-cat_ma60mo1965-e61981e9-ce5f-4705-94c3-767013af84c3
2026-08-27T08:56:59;nouvelle;autoscout24:f219598a-8a0f-4636-b428-e1aea63f3822;Megane E-Tech Electric EV60 220ch Techno super charge;26299;;39661;2023;;Wormhout;59;https://www.autoscout24.fr/offres/renault-megane-e-tech-electric-ev60-220ch-techno-super-charge-electrique-cat_ma60mo1965-f219598a-8a0f-4636-b428-e1aea63f3822
2026-08-27T08:56:59;nouvelle;autoscout24:fac1a2a8-063b-4e78-960c-560ef4e1b1e8;Megane E-Tech Electric EV60 220ch Iconic super charge;29299;;24291;2023;;Magenta;51;https://www.autoscout24.fr/offres/renault-megane-e-tech-electric-ev60-220ch-iconic-super-charge-electrique-cat_ma60mo1965-fac1a2a8-063b-4e78-960c-560ef4e1b1e8
2026-08-27T08:56:59;nouvelle;renew:VEH_00000150_207463;Megane E-Tech EV60 220 ch super charge;26450;;28131;2023;94;VILLENAVE D ORNON;33;https://fr.renew.auto/achat-vehicules-occasions/details.html?productId=VEH_00000150_207463
2026-08-27T08:56:59;nouvelle;renew:VEH_00000164_VO082617;Megane E-Tech EV60 220 ch super charge Iconic;26490;;24088;2023;94;COGNAC;16;https://fr.renew.auto/achat-vehicules-occasions/details.html?productId=VEH_00000164_VO082617
2026-08-27T08:56:59;nouvelle;renew:VEH_00000556_206177;Megane E-Tech EV60 220 ch super charge;26990;;27913;2023;95;LYON 09;69;https://fr.renew.auto/achat-vehicules-occasions/details.html?productId=VEH_00000556_206177
2026-08-27T08:56:59;prix;renew:VEH_00000402_VO196397;Megane E-Tech EV60 220 ch super charge;19980;20989;132290;2023;93;BESANCON;25;https://fr.renew.auto/achat-vehicules-occasions/details.html?productId=VEH_00000402_VO196397
2026-08-27T08:56:59;prix;renew:VEH_00000458_VO024959;Megane E-Tech 220 ch autonomie confort GSR2 Iconic;32480;32987;14042;2025;98;VESOUL;70;https://fr.renew.auto/achat-vehicules-occasions/details.html?productId=VEH_00000458_VO024959
2026-08-27T08:56:59;prix;renew:VEH_00000581_VO015538;Megane E-Tech EV60 220 ch super charge;24980;24489;39696;2023;94;DAVEZIEUX;07;https://fr.renew.auto/achat-vehicules-occasions/details.html?productId=VEH_00000581_VO015538
2026-08-27T08:56:59;prix;renew:VEH_00000581_VO015563;Megane E-Tech EV60 220 ch optimum charge;23480;22979;60225;2023;94;DAVEZIEUX;07;https://fr.renew.auto/achat-vehicules-occasions/details.html?productId=VEH_00000581_VO015563
2026-08-27T08:56:59;prix;renew:VEH_00000616_VO407597;Megane E-Tech 220 ch autonomie confort GSR2;30980;30490;12556;2025;99;LA TOUR DU PIN;38;https://fr.renew.auto/achat-vehicules-occasions/details.html?productId=VEH_00000616_VO407597
2026-08-27T12:46:12;nouvelle;autoscout24:421b68e1-abb9-48a0-8b30-41f04f992eeb;Megane E-Tech Electric EV60 130ch Evolution ER super charge;20799;;70508;2023;;SARREGUEMINES;57;https://www.autoscout24.fr/offres/renault-megane-e-tech-electric-ev60-130ch-evolution-er-super-charge-electrique-cat_ma60mo1965-421b68e1-abb9-48a0-8b30-41f04f992eeb
2026-08-27T12:46:12;nouvelle;autoscout24:460b1638-7257-4878-934c-8fe53128824a;Megane E-Tech Electric EV60 220ch Equilibre super charge;21799;;59105;2023;;SARREGUEMINES;57;https://www.autoscout24.fr/offres/renault-megane-e-tech-electric-ev60-220ch-equilibre-super-charge-electrique-cat_ma60mo1965-460b1638-7257-4878-934c-8fe53128824a
2026-08-27T12:46:12;nouvelle;autoscout24:4a5b8a98-f764-491f-bcde-b04590ba0511;Megane E-Tech Electric EV60 220ch Iconic super charge;24999;;71127;2023;;SARREGUEMINES;57;https://www.autoscout24.fr/offres/renault-megane-e-tech-electric-ev60-220ch-iconic-super-charge-electrique-cat_ma60mo1965-4a5b8a98-f764-491f-bcde-b04590ba0511
2026-08-27T12:46:12;nouvelle;autoscout24:802e459c-8971-4a57-a700-701fdd4cdd26;Megane E-Tech Electric EV60 220ch Equilibre super charge;24499;;46731;2023;;Wormhout;59;https://www.autoscout24.fr/offres/renault-megane-e-tech-electric-ev60-220ch-equilibre-super-charge-electrique-cat_ma60mo1965-802e459c-8971-4a57-a700-701fdd4cdd26
2026-08-27T12:46:12;nouvelle;autoscout24:85af7f84-9c0b-441f-88ef-4cadd7f54f38;Megane E-Tech Electric EV60 220ch Equilibre super charge;25799;;24915;2023;;Wormhout;59;https://www.autoscout24.fr/offres/renault-megane-e-tech-electric-ev60-220ch-equilibre-super-charge-electrique-cat_ma60mo1965-85af7f84-9c0b-441f-88ef-4cadd7f54f38
2026-08-27T12:46:12;nouvelle;autoscout24:b06ddc88-62ae-4c5a-b5f1-55d960b00541;Megane E-Tech Electric EV60 220ch Techno super charge;29499;;36567;2023;;Romilly sur Seine;10;https://www.autoscout24.fr/offres/renault-megane-e-tech-electric-ev60-220ch-techno-super-charge-electrique-cat_ma60mo1965-b06ddc88-62ae-4c5a-b5f1-55d960b00541
2026-08-27T12:46:12;nouvelle;autoscout24:b742fbb8-f4d0-47de-9c65-8cabb212e2c6;Megane E-Tech Electric EV60 220ch Iconic super charge;24999;;51344;2023;94;Laon;02;https://www.autoscout24.fr/offres/renault-megane-e-tech-electric-ev60-220ch-iconic-super-charge-electrique-cat_ma60mo1965-b742fbb8-f4d0-47de-9c65-8cabb212e2c6
2026-08-27T12:46:12;nouvelle;autoscout24:f7bc85f4-cb0d-4256-b333-9937c82bc6eb;Megane E-Tech Electric EV60 220ch Equilibre super charge;23999;;52167;2023;;Wormhout;59;https://www.autoscout24.fr/offres/renault-megane-e-tech-electric-ev60-220ch-equilibre-super-charge-electrique-cat_ma60mo1965-f7bc85f4-cb0d-4256-b333-9937c82bc6eb
2026-08-27T12:46:12;nouvelle;renew:VEH_00000155_VO221310;Megane E-Tech EV60 130ch super charge;23490;;58130;2023;94;MAZERES;33;https://fr.renew.auto/achat-vehicules-occasions/details.html?productId=VEH_00000155_VO221310
2026-08-27T12:46:12;nouvelle;renew:VEH_00000564_VO918568;Megane E-Tech EV60 220 ch super charge;28690;;88850;2023;93;ISSOIRE;63;https://fr.renew.auto/achat-vehicules-occasions/details.html?productId=VEH_00000564_VO918568
2026-08-27T12:46:12;nouvelle;renew:VEH_00000568_VO013815;Megane E-Tech EV60 220 ch super charge Techno;25851;;47400;2023;95;FONTAINE;38;https://fr.renew.auto/achat-vehicules-occasions/details.html?productId=VEH_00000568_VO013815
2026-08-27T12:46:12;nouvelle;renew:VEH_00001284_VO107114;Megane E-Tech EV60 220 ch super charge;23980;;46335;2023;95;OSNY;95;https://fr.renew.auto/achat-vehicules-occasions/details.html?productId=VEH_00001284_VO107114
2026-08-27T12:46:12;prix;renew:VEH_00000402_VO196634;Megane E-Tech EV60 130ch super charge;22980;23890;42514;2023;95;BESANCON;25;https://fr.renew.auto/achat-vehicules-occasions/details.html?productId=VEH_00000402_VO196634
2026-08-27T12:46:12;prix;renew:VEH_00000451_VO243022;Megane E-Tech EV60 220 ch super charge Iconic;26999;27499;26907;2023;95;TERVILLE;57;https://fr.renew.auto/achat-vehicules-occasions/details.html?productId=VEH_00000451_VO243022
2026-08-27T12:46:12;prix;renew:VEH_00000578_VO234705;Megane E-Tech EV60 220 ch super charge Equilibre;21980;22589;74962;2023;94;BOURGOIN JALLIEU;38;https://fr.renew.auto/achat-vehicules-occasions/details.html?productId=VEH_00000578_VO234705
2026-08-27T12:46:12;prix;renew:VEH_00000578_VO234810;Megane E-Tech EV60 220 ch optimum charge Techno;24980;25489;63772;2023;92;BOURGOIN JALLIEU;38;https://fr.renew.auto/achat-vehicules-occasions/details.html?productId=VEH_00000578_VO234810
2026-08-27T12:46:12;prix;renew:VEH_00000578_VO234846;Megane E-Tech EV60 130ch super charge Evolution ER;21980;23979;60308;2023;94;BOURGOIN JALLIEU;38;https://fr.renew.auto/achat-vehicules-occasions/details.html?productId=VEH_00000578_VO234846
2026-08-27T12:46:12;prix;renew:VEH_00000617_VO443608;Megane E-Tech EV60 220 ch optimum charge;24180;25198;43029;2023;95;VALENCE CEDEX 9;26;https://fr.renew.auto/achat-vehicules-occasions/details.html?productId=VEH_00000617_VO443608
2026-08-27T12:46:12;prix;renew:VEH_00000617_VO443685;Megane E-Tech EV60 220 ch optimum charge;24280;24799;39983;2023;94;VALENCE CEDEX 9;26;https://fr.renew.auto/achat-vehicules-occasions/details.html?productId=VEH_00000617_VO443685
2026-08-27T12:46:12;prix;renew:VEH_00000617_VO443744;Megane E-Tech EV60 220 ch super charge;25280;25899;37478;2023;94;VALENCE CEDEX 9;26;https://fr.renew.auto/achat-vehicules-occasions/details.html?productId=VEH_00000617_VO443744
2026-08-27T12:46:12;prix;renew:VEH_00000617_VO443745;Megane E-Tech EV60 220 ch super charge;23980;23299;36964;2023;95;VALENCE CEDEX 9;26;https://fr.renew.auto/achat-vehicules-occasions/details.html?productId=VEH_00000617_VO443745
2026-08-27T12:46:12;prix;renew:VEH_00000617_VO443783;Megane E-Tech EV60 130ch optimum charge;22980;23899;44928;2023;94;VALENCE CEDEX 9;26;https://fr.renew.auto/achat-vehicules-occasions/details.html?productId=VEH_00000617_VO443783
2026-08-27T12:46:12;prix;renew:VEH_00000617_VO443808;Megane E-Tech EV60 220 ch super charge;23980;24499;34450;2023;93;VALENCE CEDEX 9;26;https://fr.renew.auto/achat-vehicules-occasions/details.html?productId=VEH_00000617_VO443808
